{
  "project_info": {
    "project_number": "257582019341",
    "project_id": "easykhareed-ecommerce-app",
    "storage_bucket": "easykhareed-ecommerce-app.appspot.com"
  },
  "client": [
    {
      "client_info": {
        "mobilesdk_app_id": "1:257582019341:android:28c76cc78a3f93df66b644",
        "android_client_info": {
          "package_name": "com.einnovention.easy_khareed"
        }
      },
      "oauth_client": [
        {
          "client_id": "257582019341-7ccu10439dp2ghmg689t76a3m3locbr6.apps.googleusercontent.com",
          "client_type": 3
        }
      ],
      "api_key": [
        {
          "current_key": "AIzaSyCBuE2S8NAvMLX_YkB4S5BFXPe9Xn5UW-M"
        }
      ],
      "services": {
        "appinvite_service": {
          "other_platform_oauth_client": [
            {
              "client_id": "257582019341-7ccu10439dp2ghmg689t76a3m3locbr6.apps.googleusercontent.com",
              "client_type": 3
            }
          ]
        }
      }
    }
  ],
  "configuration_version": "1"
}